ID,Name,Email,Phone Number,City,Country,Role
63120eaa-790b-4903-a699-2bca100c94d0,Antonia,Gabriella14@hotmail.com,75-672241-881672-9,Lake Bret,US,admin
9dd95a3a-bc22-4dec-8957-6f862451d086,Archibald,Dejah_Ward2@hotmail.com,61-595008-007901-8,Tyler,US,admin
86636925-169e-4b76-82f7-1f0c94ad2f06,Keith,Mathias_Auer@hotmail.com,16-462260-602888-7,North Imogenefield,US,admin
e0976527-9838-48e1-8cf5-8a2425463e03,Muhammad,Samanta.Maggio98@hotmail.com,02-825769-014742-0,Spencerfort,US,admin
fe3eb98f-6a02-4a34-b027-b6b09101ce28,Amos,Santos.Huel@hotmail.com,14-011600-042358-7,Rowlandfurt,US,admin
a8c08408-8728-4acb-862b-fcbc55aa32ee,Nathanial,Solon_Casper@gmail.com,46-206461-941365-8,Cheyenne,US,admin
1e139e3c-c4f1-439e-81b1-ee672f4886c0,Grover,Cody9@gmail.com,63-580373-916701-3,St. George,US,admin
39288bd1-f2ca-4901-a8c3-02482d17989e,Dulce,Terrence.Schroeder72@gmail.com,79-219788-470095-2,New Alfonzo,US,admin
c05b2af1-d6e5-4dd7-8bfa-9e8dd79f3c68,Isac,Jordane38@yahoo.com,13-372676-540017-1,Hoboken,US,admin
8fc13ee1-1531-4c6f-aa57-4c3da120f8cb,Ahmad,Amelie_Sipes40@yahoo.com,20-307924-225647-6,Fort Hosea,US,admin
181d4140-3355-40ea-9690-6b8ff368b938,Wilfred,Eli56@gmail.com,70-317323-544268-3,Langoshtown,US,admin
1f865330-09de-4b0b-b71d-4e9fb0117511,Fausto,Santino_Marvin@yahoo.com,25-847726-931843-1,East Luz,US,admin
20ecad81-8217-4c2e-b108-c13cf84fd52a,Joany,Josianne.OHara21@hotmail.com,37-844543-472796-3,Fort Lee,US,admin
4bc2712a-7c48-4b86-9573-df6e89f64775,Anais,Winnifred_Schuppe33@hotmail.com,55-241743-471067-7,East Willie,US,admin
41fee4f3-27c7-443a-8973-03f2844ba06c,Davin,Dorothea26@yahoo.com,07-304354-539913-3,Lake Sierramouth,US,admin
9c4f888b-fed3-498b-8ef2-681c32b35820,Rachael,Danyka_Windler96@hotmail.com,99-755750-724053-3,Willworth,US,admin
50ce65fb-abc3-4b66-865f-7c1b204b93d8,Carli,Vita.Schultz99@yahoo.com,92-432465-391694-7,Winonaville,US,admin
9ca960b4-7e78-41b4-aae7-aef374b5ea3c,Wilma,Benny.Abbott12@gmail.com,69-876746-670262-9,Woodbury,US,admin
9cdf74d2-907a-43b9-a6c6-1a176e7fffad,Erik,Priscilla.Conroy22@gmail.com,94-153464-754055-8,Rathstead,US,admin
a9169d49-f290-4ca5-b1c0-dffea95df540,Chandler,Bella7@gmail.com,35-930511-139921-8,Port Troyland,US,admin
fcc1a5c8-503d-44f7-a5ae-c1df969f2795,Ashlee,Jazmyn_Marks@hotmail.com,45-431689-170889-4,Easterville,US,admin
29a47193-3be6-4eca-b9a8-9abcf942e804,Chloe,Rhianna_Nienow@gmail.com,35-179548-357707-8,North Violette,US,admin
94b94b7a-d036-4afa-a239-af4a76ab91fa,Urban,Mae.Ward@hotmail.com,32-285308-220620-5,Coeur d'Alene,US,admin
5fb53375-86f0-4afe-96c7-da469dcbdb47,Yvonne,Johnny_Ondricka66@yahoo.com,88-061385-650269-0,New Liam,US,admin
5e991070-b44d-4c00-a4bc-76a417278329,Bryce,Tatum_Hills@hotmail.com,34-806515-231675-2,Westberg,US,admin
c191d17b-06a6-4444-a60c-affe45f490fb,Anika,Taurean.Klocko@gmail.com,09-893929-383408-3,West Deanworth,US,admin
150f2e92-38c3-4d27-9254-f2c8c6f65464,Kayli,Leone_Wilderman-Abbott@gmail.com,98-306681-025717-2,New Harry,US,admin
563c4fe1-080a-4fc2-b483-2529339eae96,Frank,Lavinia_Bins17@hotmail.com,48-222685-631404-0,Gertrudehaven,LI,admin
27919220-3f1f-4513-a2d5-4945640fd389,Jarod,Jayden.Watsica76@hotmail.com,21-436842-514844-5,Kansas City,VN,admin
b5e47b33-551b-4a95-a005-6cb1e6b34496,Clarissa,Keyon.Toy@hotmail.com,06-978708-987783-1,Coachella,PR,admin
c376ebd0-d7de-4324-bb75-cd1802373880,Eriberto,Myron_Ebert@gmail.com,76-538100-292977-5,New Turner,BH,admin
77903581-c72c-499d-9d2b-7e879b0755b0,Amely,Vivianne_Marquardt@yahoo.com,81-618604-122868-6,Lake Nonaville,GA,admin
562ad8f4-03e3-404e-8cac-f7af90c3d0a2,Kyla,Haskell42@hotmail.com,53-789250-609651-2,Cicero,SD,admin
5389d91f-e732-4fa3-a8b8-5fe9256b8faf,Jimmy,Destin_Wintheiser@gmail.com,92-403565-019937-4,Boyleview,US,admin
f2256eb8-de47-4532-a3c2-1ae3106ad6d5,Maxie,Kathryn_Kunze79@hotmail.com,65-695259-212343-3,West Aleen,MS,admin
f1188356-01b2-48c2-adff-a96604a6d5c2,Silas,Hertha.Hettinger@hotmail.com,02-655392-731281-7,Rathboro,CX,admin
2af08b95-d49e-4466-9803-b942d45ce887,Estell,Shawna_Nikolaus-Harris92@yahoo.com,31-771522-484508-2,East Casimer,JO,admin
9a44efa3-c6fb-44f3-aa99-84f2581b0588,Vickie,Luciano_Davis68@hotmail.com,82-862639-832323-0,North Nick,MX,admin
b1b68432-5491-45ac-8586-ff63c5344fa5,Myles,Betsy_Fritsch-Davis33@yahoo.com,54-324232-847936-7,Lake Orvilleboro,GI,admin
5cdc8beb-a47c-48bc-9c23-d63ed20d3ae5,Ruby,Casper.Lynch@yahoo.com,88-696030-251841-4,Huntington Park,PF,admin
bef263bd-5fa2-40ce-a31a-b07a61e01825,Aliyah,Constantin.Larson10@yahoo.com,73-539361-857958-6,West Eleanora,AO,admin
734b593b-afc0-4508-af37-875bb6796483,Olaf,Kira98@hotmail.com,71-960967-638468-8,North Wallacestad,KG,admin
0f4df54e-f265-427a-9bf5-510eff39f632,Carlie,Santos.Stroman75@yahoo.com,44-257902-470441-2,Brooksport,MZ,admin
95a2299d-32e1-4932-9f04-33004033f838,Delia,Dianna_Mann@hotmail.com,37-598314-399306-5,Roderickland,AF,admin
7b86bb9d-c452-4493-8dc7-9c3d7dd990eb,Christy,Alphonso56@gmail.com,01-915809-859655-9,Muncie,GE,admin
7205a84c-cea6-4ce8-ac23-e2643cb879f5,Alverta,Madison_Harris94@hotmail.com,70-410737-988409-3,Terrenceworth,TF,admin
6924854d-0c5d-477b-9bdf-45c1306522ae,Dennis,Adolf_Osinski26@yahoo.com,50-398004-575532-4,North Stacey,AO,admin
fc3d9d9d-06f2-4205-9007-1eb353e4f0b5,Sigrid,Santa_Hintz@gmail.com,26-853286-103597-9,Sanfordburgh,VC,admin
ab10c56b-7a14-4b37-9be6-593126521f23,Queen,Candice.Bode@hotmail.com,70-646600-088417-1,Alexischester,MF,admin
0c5f4d06-8773-4b4b-b435-6936cff83a1f,Tyreek,Americo22@yahoo.com,67-165231-796552-9,Vernonmouth,TG,admin
ba8cbf82-418b-4891-b5d8-f704f150a6d7,Thora,Gilberto82@hotmail.com,26-752793-791273-1,Port Marie,NC,admin
c01a9b41-f649-4361-be8e-11d3e9d43cd0,Adaline,Kaylin78@gmail.com,98-599571-283491-0,South Talia,LK,admin
9560406f-56a2-4487-a390-08fac2152822,Houston,Russ.Boyle13@gmail.com,83-675209-234406-4,Carlsbad,ID,admin
399459a9-7de2-44f2-af26-d73a849d7149,Lessie,Damon.Kihn@gmail.com,41-212053-368608-3,Carrollville,GE,admin
14a47ad3-638f-4275-9171-58421cc1ba53,Serena,Rogers.Schimmel@yahoo.com,61-570457-926718-2,South Nick,PN,admin
8509bf02-3436-4852-bc5e-878961bebac9,Bailee,Estrella.Stroman@hotmail.com,75-845952-172597-0,Bryan,FR,admin
cf297470-e5ea-467b-a4f0-19d09b60de55,Wilton,Karelle_Koepp@hotmail.com,44-505028-080893-0,Lindmouth,NR,admin
cfa9dc5f-653b-4885-967a-c58853690af1,Aida,Brandt_Hettinger39@yahoo.com,14-173998-063828-5,East Jaylenfurt,PT,admin
1b0695da-923a-4ae6-887a-38b33c4fe380,Steve,Jacklyn_Keebler@hotmail.com,58-620983-014498-5,Kochworth,ME,admin
35f3bd47-8cb8-4f44-930d-c41e8a4e77ec,Melvina,Audrey19@gmail.com,68-262179-596217-2,Flagstaff,VU,admin
e14ed686-d568-4abe-9c78-627c4e06348e,Ellis,Urban_Schmeler@yahoo.com,49-058043-430519-7,Fort Kirastead,TT,admin
974288c7-1994-4a5b-895c-acd8e574e4fa,Leslie,Tristian.Larkin@yahoo.com,19-542880-917503-5,North Alexis,CZ,admin
6777b2ad-9f67-4c28-802a-4fa2ce45a491,Dannie,Maiya_Little75@gmail.com,13-066345-007616-9,Rennerside,TJ,admin
a5fe9bfe-7e48-4269-a319-79cbb0fa0a81,Zack,Ila_Waters@yahoo.com,83-014089-404110-2,East Cierrastad,BR,admin
99ac770b-e9f0-408b-8f2c-9e2735458034,Buddy,Javonte50@hotmail.com,73-019373-253426-8,Emilioside,AZ,admin
7e849c39-96d1-4c63-b5d1-c612c1a00266,Howard,Osbaldo_Blick@gmail.com,07-526183-440424-4,Hayesfurt,AU,admin
a99118ec-b732-4f59-a97d-183148a81cbe,Waino,Melody60@hotmail.com,23-936729-457979-8,Beckerchester,BS,admin
5f0fd66a-e101-48d5-b3ae-96c10afe4e6e,Barney,Reba_OKon@yahoo.com,80-247187-231324-5,Isabelport,LI,admin
f75e67ee-2b5d-4fb3-969e-76ae792783a2,Kennedi,Stephon_Cartwright73@hotmail.com,65-251523-736867-3,Pittsburg,IM,admin
b8a75600-d3c6-4ac0-bfde-acd96eadf53e,Sasha,Emory_Hauck8@gmail.com,61-439586-194221-9,Port Dewayneberg,HM,admin
567af150-43fd-4ebe-8cf1-73169b45b818,Audrey,Sister.Wuckert@gmail.com,77-704836-543055-2,Dawnmouth,AM,admin
a1dc5b3d-47d9-4d54-a6e7-2591130d2873,Haskell,Darien21@hotmail.com,71-104562-794402-3,Fort Myers,TN,admin
6b85066e-86f0-4706-8ec3-0e8c725e0ae0,Quentin,Ramon_Hilll18@yahoo.com,72-579100-373984-2,West Morton,CH,admin
023a04af-5e43-4510-9a30-2485402bcdad,Jordon,Ada45@yahoo.com,40-625128-837604-8,Haverhill,GQ,admin
e8f113ff-7f2f-4a75-ac3b-703c6c58dbf4,Ashleigh,Darwin.Larson@hotmail.com,70-809805-906559-8,Whitefurt,MD,admin
7029e5a2-ea98-465c-b6c4-8b9f87ba09b5,Amira,Marquis_Heathcote@yahoo.com,41-818751-630089-5,Virgiemouth,GT,admin
ce5e4f3f-6643-47b7-97ea-8ee09385976e,Hilda,Melyssa_Herman@yahoo.com,68-662290-132695-1,South Alexane,VU,admin
3175a72b-1da4-4886-b521-6065d116024c,Chloe,Everardo7@hotmail.com,32-770654-265280-3,New Boboro,AD,admin
57c1864b-2bbe-4c43-98cb-24fa07f27091,Joel,Maria64@gmail.com,23-678716-162140-2,New Vladimir,BO,admin
634b7f17-50a6-4c5c-a7d1-5307dc7382bf,Alexie,Coty42@yahoo.com,65-737216-413000-6,Yonkers,TT,admin
0c3151e8-49c0-4258-abd8-7bac76f21cdf,Marcelo,Kelly_Stracke87@hotmail.com,27-397240-498044-3,South Catalina,HR,admin
6a0fe0f4-57ac-4888-a285-79863f123ec0,Chet,Blaze_Kunze@yahoo.com,27-375805-870891-1,Windlerport,NO,admin
b8b1f068-12c7-4a67-ba6f-7a7a282bdc5c,Malcolm,Austyn_Renner@hotmail.com,49-342616-838466-8,Milwaukee,KN,admin
5736a5a0-fb4f-4cb0-a19f-94e25add1843,Carter,Christine.Douglas28@yahoo.com,02-198801-871555-8,St. Clair Shores,KM,admin
67dd312d-40a1-4364-92c3-619006bd80bd,Thalia,Augustus.Harris@gmail.com,25-332099-235385-0,Robelhaven,BZ,admin
61d9f3a9-6d01-417d-9a52-28440e0fdc39,Tre,Morgan57@gmail.com,48-676178-264777-0,Kertzmannboro,TM,admin
043ed948-ba03-4149-ba86-22b6e7fbef4e,Ashton,Mona.Pouros52@hotmail.com,12-382677-384846-0,Paterson,AI,admin
980e4f86-6024-4692-8881-b16b84272ed2,Korbin,Shaun88@gmail.com,40-544200-821899-7,Murphycester,GA,admin
868e61d2-0eca-4aec-aec5-efc02c6d5399,Elroy,Colten.Keebler61@gmail.com,56-474762-738261-1,Rodolfofort,AU,admin
774a4861-9948-4403-8e4c-2c762cb4af71,Darrell,Kristy21@yahoo.com,12-951349-806958-0,Poway,NP,admin
e3400cfb-4aeb-467d-a47d-0b5a4796fe9b,Sandy,Mary_Baumbach@yahoo.com,97-780301-882914-9,Mentor,ZW,admin
79c28adf-fc75-4fdb-ad97-324c0f569e12,Vesta,Sigmund95@hotmail.com,84-976824-717643-8,Homenickhaven,VI,admin
d224f056-b853-4312-a3e2-92089a0f248d,Zoie,Cameron.Christiansen21@hotmail.com,61-597851-565019-4,Laurynshire,TZ,admin
a6096d36-96e8-4837-a535-b211302e58e9,Craig,Olin39@yahoo.com,91-328565-515604-3,Lake Manleyhaven,SO,admin
ff0b4371-f5bc-49d4-a65e-9d10abb0ddca,Damian,Stefanie42@hotmail.com,18-733560-064076-2,Sunrise,AF,admin
b27b2472-a824-471d-bc81-68ed826eed8b,Elwyn,Cory_Metz41@yahoo.com,21-351313-496236-9,New Leatha,SO,admin
9f71e909-fe49-4a0a-9a52-77915d11f3d1,Krista,Amari_Heller@yahoo.com,91-816165-062746-7,New Lauren,AX,admin
b38f8c9b-4a5f-4a3e-bae9-7bbe581a3dd1,Glenda,Lina_Powlowski86@yahoo.com,06-999857-215035-0,Alafaya,CR,admin
6ad71e24-2291-4269-87c3-5519ce08d465,Omari,Jensen36@hotmail.com,28-741330-849035-7,Robertsshire,YE,admin
f88a34d2-855c-45c2-b7a9-13287b763ec6,Elenor,Maximillian30@yahoo.com,78-842848-998665-4,East Dejuanside,LC,admin
51cc7865-9165-4989-9f30-ca5c626cc6b4,Jayson,Anderson.Schaden94@gmail.com,70-011597-666685-8,Port Ulisesside,NL,admin
d74a360e-9067-45d9-9ae9-bd2a50cb0bae,Jerod,Virgie_Pfeffer94@gmail.com,56-291963-954230-8,Cary,NO,admin
1c5ad60f-54cb-4c24-bbc2-58a2121d2736,Ben,Ruben_Braun@yahoo.com,42-275499-397314-0,Watsicacester,AZ,admin
fcfdba07-5c9e-4dff-ae99-86377d32e693,Ayden,Crystel.Ondricka@yahoo.com,05-748582-345399-3,Perris,ES,admin
919edc8d-a7f4-495f-b2e9-35b469eb258e,Era,Eleanora52@hotmail.com,38-805242-894203-4,Clemensboro,ST,admin
2b749152-33de-4e85-811c-532758a7ec31,Ernestina,Malinda_Senger52@gmail.com,15-089188-132465-1,Albuquerque,IM,admin
3d6658c5-48e0-4ca8-9362-53fe409e7770,Wilfredo,Camryn_Schaefer30@yahoo.com,48-127482-580955-0,Fort Larry,EH,admin
7c142327-6771-4d4b-8ac8-17fa259c5e7a,Jackie,Shayne.Abernathy91@hotmail.com,19-912195-651498-3,Port Brayan,CC,admin
c94f2c4d-c8c4-42c5-8221-4ce749d63c47,Sandrine,Deron.Gibson74@gmail.com,28-391857-357831-8,Lake Ilaton,FJ,admin
e30ef4a6-6383-4d9e-8cee-0ff412e25761,Watson,Aileen.Runolfsdottir34@hotmail.com,65-850444-570870-0,Ethanburgh,GA,admin
35b732e7-2c97-4e87-ac69-6b5422befd7d,Tracey,Vincenzo_Jones4@gmail.com,46-437974-276763-2,Powlowskistead,JE,admin
af7d0331-bd5c-4b3c-a6f1-74a1c5c55767,Kelsi,Shania.Bruen2@yahoo.com,31-709101-354530-3,Rhettcester,LC,admin
fc84d744-8f39-467d-a929-4bf77bc552bb,Remington,Makenzie_Douglas@gmail.com,99-416807-576912-8,Starkfurt,AX,admin
b2b5a706-5bc9-4189-b7ea-0fdc49cdfb7e,Keyon,Jasper71@yahoo.com,39-217793-423535-1,East Olaburgh,GA,admin
48b1240c-1068-45ff-bb29-82316cdd351f,Gerhard,Trevion_Altenwerth50@yahoo.com,88-927766-763595-7,South Henriette,MF,admin
4f7a4ffc-a792-44ec-9399-85c738344ce6,Billy,Viviane_Zemlak@yahoo.com,73-136121-697601-1,New Justyncester,AF,admin
d7056345-640b-43c4-9ddb-b6c5e5655fd1,Charlene,Brock44@yahoo.com,02-268386-474877-4,Vancouver,VN,admin
4d762fd4-80fc-4ba3-921e-6c273841aab1,Santos,Rudy.Von16@hotmail.com,34-540145-867997-8,Port Serena,AW,admin
36779055-93d1-4589-8e6c-69f22f53a52d,Javon,America.Carroll@yahoo.com,52-693969-437246-1,Zboncakstad,JO,admin
3d69cc3a-920e-474f-ba95-e8948359d1f5,Madison,Jordan.Bergnaum18@gmail.com,68-559894-387682-6,Faheybury,VA,admin
9ea67a4f-5337-42c2-bec8-e1f7ebbdeb89,Caden,Mohammad_Strosin-Franecki34@gmail.com,65-425926-922141-3,Chattanooga,QA,admin
b969e91f-83e1-4987-a1ef-2df37c4c8ff1,Fanny,Mitchell5@gmail.com,24-210181-198144-2,Rochester,GD,admin
c0f12f05-7670-484c-b805-33407d78e552,Moriah,Orville.Barton50@hotmail.com,92-990272-860964-0,Kundeboro,HR,admin
0350cb68-8b9e-40ec-a88a-bb74a2e17671,Christ,Betty_Fritsch59@hotmail.com,62-161332-437852-9,Robelview,CV,admin
dc83d8ec-0f1a-4027-af30-f1ab33be841b,Josiane,Sammy_Daugherty-Cruickshank2@gmail.com,16-669501-424571-3,West Janessafield,DE,admin
ffb6b85e-e03e-4d05-843b-85da51673e40,Torrey,Kevin.Mraz97@yahoo.com,36-150378-848529-6,Mayaguez,VE,admin
a805250d-3651-4711-93ac-8d476fa289d0,Werner,Boyd65@hotmail.com,89-433433-647495-4,Rodriguezboro,VN,admin
ca1c8bc3-bd10-4cee-9803-e4c4185a378b,Alva,Elenora_Ankunding69@gmail.com,90-113719-605767-3,Rowlett,IO,admin
f2ececa0-d0ea-4353-a929-23f41e4e5c59,Kendra,Jovan_Boyle@yahoo.com,73-171477-232777-3,Pollichtown,ZW,admin
a46f7117-3381-4a5f-9b6c-75142e8b4e56,Antone,Isaias_Weissnat54@hotmail.com,04-295813-787935-8,Port Freddie,RW,admin
201174dc-85ff-40ec-b084-7ead17f13dd0,Orion,Estevan.Gutkowski@yahoo.com,25-478366-342268-5,New Lorenaville,TM,admin
d7180caf-a3e6-40a6-a7f0-fd88821db0e1,Osvaldo,Gracie.Baumbach14@gmail.com,60-322636-370500-7,East Dangeloport,GH,admin
8999e9e8-99ad-4fc5-bc57-8ffda2b7eaa8,Bradly,Paul.Muller-Stiedemann20@yahoo.com,32-495519-723649-4,West Angelitafield,MH,admin
58ccfc86-554b-4324-8e56-d896df1ee954,Willis,Sydnie13@gmail.com,51-345633-486388-7,Jaylentown,CN,admin
41878dce-a01e-489c-849c-96ba314f1e47,Lela,Nikki17@hotmail.com,16-866015-252661-1,Pembroke Pines,CN,admin
d0e47652-aecd-402b-b8fe-24a3420b4bb6,Trudie,Garrison.Thiel44@yahoo.com,74-086551-380341-2,North Maciecester,CN,admin
cc39121f-2086-493a-986e-7cc92a78063d,Antwon,Marty_Kiehn6@yahoo.com,27-457113-277891-0,South Rosalia,CN,admin
09006a2a-71a8-49fc-b26a-9ffbf7248312,Lisa,Axel_Spinka@hotmail.com,58-370951-885142-4,Rancho Palos Verdes,CN,admin
99acc4de-610d-4623-9285-c68919a3032d,Marilou,Darlene_OHara@yahoo.com,43-663324-364910-2,Eugene,CN,admin
664c8f35-5e55-4d4f-9ccd-2eec9f8a5b2f,Maximo,Franco30@yahoo.com,92-837068-330515-1,North Caterina,CN,admin
122345ea-b9db-44d7-804f-3f7820fa871f,Sterling,Jeanie_Ankunding6@yahoo.com,46-162251-684091-8,Chetbury,CN,admin
9d95a122-e18d-4de8-9b11-f15ac72b0500,Cameron,Dalton_Dibbert@gmail.com,70-363704-943948-1,Lake Abbyfort,CN,admin
e8b42a28-9afc-4dcb-b69a-5dfaf290bbab,Mia,Bonita76@gmail.com,80-063914-808620-7,Burien,CN,admin
ac2166ab-28eb-44b4-b6a2-11dd26cebc02,Kirsten,Laurence25@hotmail.com,80-575326-697263-8,Miami Gardens,CN,admin
2f736e21-958f-4edb-80f4-dad5665a9c0e,Michaela,Vallie_Kuhn67@hotmail.com,15-062446-654159-1,Bridgetteville,CN,admin
18e9c68d-0c5b-4ee9-b22b-1c609882e8f7,Timmothy,Baylee86@hotmail.com,31-387047-410244-7,Ogden,CN,admin
66822097-a54d-4a84-bd8a-6967fe5fae5c,Rogers,Macey.Klein@yahoo.com,57-743965-181880-2,Watersborough,CN,admin
a930f007-1ef9-47cf-91e3-09564408f4a1,Lora,Edna.Wuckert@hotmail.com,74-021664-869508-5,Sengerchester,CN,admin