ID,Name,Email,Phone Number,Country,Role
63120eaa-790b-4903-a699-2bca100c94d0,Antonia,Gabriella14@hotmail.com,75-672241-881672-9,US,admin
981beb6c-b1c4-4737-ba60-7136121aad85,Micah,Markus.Abshire@gmail.com,26-871423-516849-2,US,customer
9dd95a3a-bc22-4dec-8957-6f862451d086,Archibald,Dejah_Ward2@hotmail.com,61-595008-007901-8,US,admin
86636925-169e-4b76-82f7-1f0c94ad2f06,Keith,Mathias_Auer@hotmail.com,16-462260-602888-7,US,admin
7d99234b-155f-47b2-9a9f-64bc08448c48,Mason,Esta26@gmail.com,91-954551-460510-8,US,customer
3e9fd744-8d03-4007-ba67-6626ca6fbdd6,Rasheed,Luciano_Kuhn63@hotmail.com,80-366532-918890-7,US,customer
e0976527-9838-48e1-8cf5-8a2425463e03,Muhammad,Samanta.Maggio98@hotmail.com,02-825769-014742-0,US,admin
fe3eb98f-6a02-4a34-b027-b6b09101ce28,Amos,Santos.Huel@hotmail.com,14-011600-042358-7,US,admin
a8c08408-8728-4acb-862b-fcbc55aa32ee,Nathanial,Solon_Casper@gmail.com,46-206461-941365-8,US,admin
1e139e3c-c4f1-439e-81b1-ee672f4886c0,Grover,Cody9@gmail.com,63-580373-916701-3,US,admin
3d5bb1f7-b6be-4497-b0cb-bea9ff92a715,Kattie,Mylene94@yahoo.com,58-678348-937711-2,US,customer
39288bd1-f2ca-4901-a8c3-02482d17989e,Dulce,Terrence.Schroeder72@gmail.com,79-219788-470095-2,US,admin
c05b2af1-d6e5-4dd7-8bfa-9e8dd79f3c68,Isac,Jordane38@yahoo.com,13-372676-540017-1,US,admin
8fc13ee1-1531-4c6f-aa57-4c3da120f8cb,Ahmad,Amelie_Sipes40@yahoo.com,20-307924-225647-6,US,admin
ead22a6c-2645-49a3-99ea-288b1dfc97ae,Judson,River_Kuvalis@gmail.com,90-069106-384755-9,US,customer
181d4140-3355-40ea-9690-6b8ff368b938,Wilfred,Eli56@gmail.com,70-317323-544268-3,US,admin
1f865330-09de-4b0b-b71d-4e9fb0117511,Fausto,Santino_Marvin@yahoo.com,25-847726-931843-1,US,admin
20ecad81-8217-4c2e-b108-c13cf84fd52a,Joany,Josianne.OHara21@hotmail.com,37-844543-472796-3,US,admin
3caefa20-dfda-483f-a672-6195db19efbf,Trevor,Keyshawn.Feeney@gmail.com,69-893184-863474-0,US,customer
e3ce88c0-7e8a-43fe-99b2-2a6e2b75e73f,Joshuah,Zachariah59@yahoo.com,71-950715-289661-5,US,customer
34bc9984-2b8c-4896-b70a-aa8fcdf6591d,Jean,Orland_Littel@yahoo.com,56-118144-730808-0,US,customer
f73353d7-d6dc-4ff9-b844-b61646f86b6f,Izabella,Herminio62@yahoo.com,96-677729-722882-2,US,customer
4bc2712a-7c48-4b86-9573-df6e89f64775,Anais,Winnifred_Schuppe33@hotmail.com,55-241743-471067-7,US,admin
41fee4f3-27c7-443a-8973-03f2844ba06c,Davin,Dorothea26@yahoo.com,07-304354-539913-3,US,admin
9c4f888b-fed3-498b-8ef2-681c32b35820,Rachael,Danyka_Windler96@hotmail.com,99-755750-724053-3,US,admin
50ce65fb-abc3-4b66-865f-7c1b204b93d8,Carli,Vita.Schultz99@yahoo.com,92-432465-391694-7,US,admin
9ca960b4-7e78-41b4-aae7-aef374b5ea3c,Wilma,Benny.Abbott12@gmail.com,69-876746-670262-9,US,admin
22931b05-1626-4e02-b6e4-41239505bee6,Alvina,Al_Schmitt@yahoo.com,09-972043-205836-5,US,customer
a83ffe28-ecc4-47c0-8ab2-19244ff597cc,Reggie,Coty47@hotmail.com,96-263013-062200-4,US,customer
f9675e05-9313-482e-9ba5-b656ccac5344,Anabel,Vaughn_Rath94@hotmail.com,35-160291-736311-9,US,customer
98b3edd1-dae5-40f5-9de6-5444ad08035c,Katharina,Bobbie.Heathcote38@hotmail.com,13-188567-453256-5,US,customer
9cdf74d2-907a-43b9-a6c6-1a176e7fffad,Erik,Priscilla.Conroy22@gmail.com,94-153464-754055-8,US,admin
a9169d49-f290-4ca5-b1c0-dffea95df540,Chandler,Bella7@gmail.com,35-930511-139921-8,US,admin
6a2fe2da-7bd9-4123-9be3-3b53c66592cc,Zack,Cletus.Heidenreich39@gmail.com,33-462019-908585-5,US,customer
fcc1a5c8-503d-44f7-a5ae-c1df969f2795,Ashlee,Jazmyn_Marks@hotmail.com,45-431689-170889-4,US,admin
ff8b95c9-ca42-468c-84bf-727364aea774,Tiana,Leif_Bosco97@gmail.com,33-466101-162070-1,US,customer
f3c4b183-e6ba-4e37-ac24-f8270fe7c832,Milton,Ebony34@gmail.com,80-938671-877044-5,US,customer
234ff907-d2c2-4be7-a8c5-50e12ef62b83,Jarret,Americo.DuBuque67@gmail.com,94-035239-032742-5,US,customer
de672a9b-f681-4be2-8752-959f9005fbbe,Keshawn,Austin39@hotmail.com,21-659975-686125-9,US,customer
29a47193-3be6-4eca-b9a8-9abcf942e804,Chloe,Rhianna_Nienow@gmail.com,35-179548-357707-8,US,admin
a1c17357-76c6-4282-a492-d68e3ea600d5,Isaiah,Rudolph95@yahoo.com,80-202461-279865-2,US,customer
94b94b7a-d036-4afa-a239-af4a76ab91fa,Urban,Mae.Ward@hotmail.com,32-285308-220620-5,US,admin
d259f52d-661a-4c13-8013-2035ad231e9c,Tate,Otho.Mohr@yahoo.com,69-686306-585772-4,US,customer
8664f42b-4c00-4676-b5d9-899f9538f16c,Raphael,Damian87@yahoo.com,59-519019-233152-8,US,customer
bab0c5d1-98a7-4a6b-a23d-7bf2dfdb59a0,Dashawn,Darius22@yahoo.com,83-556889-268532-9,US,customer
5fb53375-86f0-4afe-96c7-da469dcbdb47,Yvonne,Johnny_Ondricka66@yahoo.com,88-061385-650269-0,US,admin
5e991070-b44d-4c00-a4bc-76a417278329,Bryce,Tatum_Hills@hotmail.com,34-806515-231675-2,US,admin
c191d17b-06a6-4444-a60c-affe45f490fb,Anika,Taurean.Klocko@gmail.com,09-893929-383408-3,US,admin
150f2e92-38c3-4d27-9254-f2c8c6f65464,Kayli,Leone_Wilderman-Abbott@gmail.com,98-306681-025717-2,US,admin
42d739a5-9356-44a4-872e-e941dd88a0cd,Jimmy,Josephine.Kirlin60@yahoo.com,12-780394-484114-2,US,customer
1edd3c46-e23c-4fca-9471-7658cee7b247,Lance,Yasmine_Denesik@hotmail.com,18-679631-029169-4,SG,customer
563c4fe1-080a-4fc2-b483-2529339eae96,Frank,Lavinia_Bins17@hotmail.com,48-222685-631404-0,LI,admin
27919220-3f1f-4513-a2d5-4945640fd389,Jarod,Jayden.Watsica76@hotmail.com,21-436842-514844-5,VN,admin
b5e47b33-551b-4a95-a005-6cb1e6b34496,Clarissa,Keyon.Toy@hotmail.com,06-978708-987783-1,PR,admin
3b956987-f721-4e5d-9857-f885bcdfc6d4,Henri,Brian86@hotmail.com,85-932917-111447-8,AE,customer
c376ebd0-d7de-4324-bb75-cd1802373880,Eriberto,Myron_Ebert@gmail.com,76-538100-292977-5,BH,admin
556a6c88-f13d-4dc3-b1f0-3dd4b0de415a,Lisa,Newton_Harris@hotmail.com,46-004264-611581-1,GT,customer
77903581-c72c-499d-9d2b-7e879b0755b0,Amely,Vivianne_Marquardt@yahoo.com,81-618604-122868-6,GA,admin
75f3e58b-34da-498e-b31e-5930b45807b5,Saul,Rocio.Cummerata@yahoo.com,56-103964-032562-6,CD,customer
efa2fb8e-9acc-4dfa-9d32-3557be2eaa09,Norris,Erik5@yahoo.com,58-257575-913505-3,CL,customer
562ad8f4-03e3-404e-8cac-f7af90c3d0a2,Kyla,Haskell42@hotmail.com,53-789250-609651-2,SD,admin
30ee3e20-6c49-4018-82f2-c1ec195e0f03,Ruthe,Daphne_Kutch9@gmail.com,23-001091-229586-3,PF,customer
86d3b74d-1efa-4193-a559-94cb47e9e56d,Tyrell,Albin.Quitzon-Roberts74@hotmail.com,27-480185-858168-9,MC,customer
5389d91f-e732-4fa3-a8b8-5fe9256b8faf,Jimmy,Destin_Wintheiser@gmail.com,92-403565-019937-4,US,admin
d9dbde31-1a79-4289-b6b0-e640c0917575,Kiel,Thora.Legros74@gmail.com,11-830579-944710-9,NR,customer
f2256eb8-de47-4532-a3c2-1ae3106ad6d5,Maxie,Kathryn_Kunze79@hotmail.com,65-695259-212343-3,MS,admin
2caaf2c8-afa7-4eab-b195-79086894b066,Savannah,Walker62@gmail.com,70-047191-682318-6,HM,customer
8aacf178-b481-44dd-9556-743fc85b6d1c,Bella,Abby.Harber@hotmail.com,48-469998-045985-7,AU,customer
f7728629-7dca-412f-89d0-8c2233a11b03,Greg,Camila_Wisozk@yahoo.com,33-256313-171411-1,UG,customer
f1188356-01b2-48c2-adff-a96604a6d5c2,Silas,Hertha.Hettinger@hotmail.com,02-655392-731281-7,CX,admin
2af08b95-d49e-4466-9803-b942d45ce887,Estell,Shawna_Nikolaus-Harris92@yahoo.com,31-771522-484508-2,JO,admin
3644e209-4690-4d5c-8627-c4ef174d05e1,Alysa,Juana.Reinger@yahoo.com,99-826860-012189-8,AG,customer
9a44efa3-c6fb-44f3-aa99-84f2581b0588,Vickie,Luciano_Davis68@hotmail.com,82-862639-832323-0,MX,admin
b1b68432-5491-45ac-8586-ff63c5344fa5,Myles,Betsy_Fritsch-Davis33@yahoo.com,54-324232-847936-7,GI,admin
63f7bb9e-57d4-431b-94ed-4c013598c0a1,Leanne,Cecelia.Koepp3@hotmail.com,64-529381-546266-0,NO,customer
5cdc8beb-a47c-48bc-9c23-d63ed20d3ae5,Ruby,Casper.Lynch@yahoo.com,88-696030-251841-4,PF,admin
bef263bd-5fa2-40ce-a31a-b07a61e01825,Aliyah,Constantin.Larson10@yahoo.com,73-539361-857958-6,AO,admin
be401c17-5ccd-4950-bd7c-376fced04ec0,Keagan,Veda35@yahoo.com,76-131083-283273-9,VG,customer
0e578319-65de-4ef9-b4c0-129f813fdfb7,Hayley,Theron35@gmail.com,53-018929-755579-9,GE,customer
734b593b-afc0-4508-af37-875bb6796483,Olaf,Kira98@hotmail.com,71-960967-638468-8,KG,admin
741c4da4-a0db-4bfe-a155-e00155b98f19,Marjolaine,Cecilia.Kozey95@yahoo.com,95-794637-083659-2,HU,customer
844c8a9b-d5be-4326-b05a-794a81f2edb1,Lisandro,Timothy_Schroeder@hotmail.com,25-589597-430759-2,BH,customer
0f4df54e-f265-427a-9bf5-510eff39f632,Carlie,Santos.Stroman75@yahoo.com,44-257902-470441-2,MZ,admin
95a2299d-32e1-4932-9f04-33004033f838,Delia,Dianna_Mann@hotmail.com,37-598314-399306-5,AF,admin
7b86bb9d-c452-4493-8dc7-9c3d7dd990eb,Christy,Alphonso56@gmail.com,01-915809-859655-9,GE,admin
7205a84c-cea6-4ce8-ac23-e2643cb879f5,Alverta,Madison_Harris94@hotmail.com,70-410737-988409-3,TF,admin
c56f10c9-68f9-4459-987a-c7f5d7337a99,Mason,Eliza56@gmail.com,02-660353-704574-3,AR,customer
83ce6f2d-7319-48e0-86ff-efa83a21585f,Chadd,Juvenal.Schultz@yahoo.com,76-056347-661410-9,LU,customer
6924854d-0c5d-477b-9bdf-45c1306522ae,Dennis,Adolf_Osinski26@yahoo.com,50-398004-575532-4,AO,admin
fc3d9d9d-06f2-4205-9007-1eb353e4f0b5,Sigrid,Santa_Hintz@gmail.com,26-853286-103597-9,VC,admin
ab10c56b-7a14-4b37-9be6-593126521f23,Queen,Candice.Bode@hotmail.com,70-646600-088417-1,MF,admin
3b998d35-4742-4121-b1e0-19d2cb2b02a3,Elenor,Waylon87@gmail.com,09-870304-698899-6,AU,customer
09d37f7f-2da4-43ab-b3ec-8027340ac776,Caleigh,Charlene.Johnston26@gmail.com,77-135448-281517-0,TN,customer
0c5f4d06-8773-4b4b-b435-6936cff83a1f,Tyreek,Americo22@yahoo.com,67-165231-796552-9,TG,admin
b95234b3-bfbe-49fa-bddc-9132b58a1a44,Noel,Melody42@hotmail.com,01-188949-153734-9,PE,customer
8fcff169-dde1-4ad9-a0c3-4467d914e33f,Jacques,Lew.Schmidt@hotmail.com,55-370306-535114-0,IL,customer
ba8cbf82-418b-4891-b5d8-f704f150a6d7,Thora,Gilberto82@hotmail.com,26-752793-791273-1,NC,admin
f612bacb-f0bb-47af-a05b-7fbbb0574006,Gwen,Sabrina_Paucek17@hotmail.com,12-275131-646115-2,KW,customer
c01a9b41-f649-4361-be8e-11d3e9d43cd0,Adaline,Kaylin78@gmail.com,98-599571-283491-0,LK,admin
65ae4cdc-f725-414a-874e-a88041e6cf8c,Cordell,Estelle.Blick@yahoo.com,21-598937-446347-4,NU,customer
c597f5db-9e6a-4405-817d-6ca495cd42dc,Fausto,Rodrick.Bradtke@hotmail.com,64-590802-455589-3,KR,customer
9560406f-56a2-4487-a390-08fac2152822,Houston,Russ.Boyle13@gmail.com,83-675209-234406-4,ID,admin
399459a9-7de2-44f2-af26-d73a849d7149,Lessie,Damon.Kihn@gmail.com,41-212053-368608-3,GE,admin
14a47ad3-638f-4275-9171-58421cc1ba53,Serena,Rogers.Schimmel@yahoo.com,61-570457-926718-2,PN,admin
8509bf02-3436-4852-bc5e-878961bebac9,Bailee,Estrella.Stroman@hotmail.com,75-845952-172597-0,FR,admin
ac3f8679-9275-48a2-a6a6-5be24935f454,Sonny,Wanda.Schowalter@gmail.com,17-555891-833574-2,IS,customer
844a2d81-720a-413d-8eac-4f0a7ae17133,Sylvester,Nicholas18@hotmail.com,25-930808-614849-6,SE,customer
bac1ee14-cd17-47dd-af2a-e5d5fe26cafc,Kelton,Kayleigh.Runolfsdottir@gmail.com,80-501283-095381-8,BI,customer
cf297470-e5ea-467b-a4f0-19d09b60de55,Wilton,Karelle_Koepp@hotmail.com,44-505028-080893-0,NR,admin
f940a492-6ad8-41a8-b640-f0640dd4d76a,Laverna,Therese.Brown@gmail.com,05-054442-566775-1,GT,customer
cfa9dc5f-653b-4885-967a-c58853690af1,Aida,Brandt_Hettinger39@yahoo.com,14-173998-063828-5,PT,admin
9c118ad2-a79e-4282-a928-e6a32f978ec2,Pete,Lucile.Christiansen@gmail.com,81-263930-485312-3,BN,customer
99f846bc-83ab-426e-9dea-78de5afe1fc1,Rebecca,Kayleigh.Zboncak@hotmail.com,49-591277-175703-4,GS,customer
18bb605c-7076-4535-bd3e-7c8676d5373c,Laurine,Emmitt_Swaniawski2@hotmail.com,95-843435-021964-1,LC,customer
91ddb3ed-110d-42f7-bcff-784ea9e7a188,Emilia,Larue.Bayer50@hotmail.com,31-252294-720774-8,UM,customer
445123d5-f5de-49be-960b-6e38ff782308,Heaven,Cyrus.Kunze13@gmail.com,39-335074-563122-0,MQ,customer
1b0695da-923a-4ae6-887a-38b33c4fe380,Steve,Jacklyn_Keebler@hotmail.com,58-620983-014498-5,ME,admin
cae668d2-b0ae-4b56-addc-884b375c13be,Harrison,Ethyl.Yost0@gmail.com,83-869094-391060-0,BA,customer
5f82c35d-b0b8-4b28-92bf-35021ec01e27,Ila,Alexandra.Gutmann85@yahoo.com,78-514276-361348-7,KZ,customer
35f3bd47-8cb8-4f44-930d-c41e8a4e77ec,Melvina,Audrey19@gmail.com,68-262179-596217-2,VU,admin
25e2b20b-04bf-4cb7-826f-aa7ebd342b65,Claud,Allene.Kshlerin@hotmail.com,41-276722-022029-3,DZ,customer
5d493017-df16-47c1-8e77-8c6ec9050bcd,Alexanne,Simeon_Hahn82@yahoo.com,15-680205-919588-4,AO,customer
e14ed686-d568-4abe-9c78-627c4e06348e,Ellis,Urban_Schmeler@yahoo.com,49-058043-430519-7,TT,admin
69d7eda3-5b8c-4e68-b23d-27737eaca3ae,Guiseppe,Narciso_Jast@hotmail.com,60-933406-720471-7,VG,customer
588d54ec-2c41-4cf6-96e7-3642d091490d,Florence,Felton_Deckow@yahoo.com,77-830369-885678-6,IM,customer
974288c7-1994-4a5b-895c-acd8e574e4fa,Leslie,Tristian.Larkin@yahoo.com,19-542880-917503-5,CZ,admin
6777b2ad-9f67-4c28-802a-4fa2ce45a491,Dannie,Maiya_Little75@gmail.com,13-066345-007616-9,TJ,admin
a5fe9bfe-7e48-4269-a319-79cbb0fa0a81,Zack,Ila_Waters@yahoo.com,83-014089-404110-2,BR,admin
99ac770b-e9f0-408b-8f2c-9e2735458034,Buddy,Javonte50@hotmail.com,73-019373-253426-8,AZ,admin
b771cc75-ba04-4b17-affc-59cd3f640bc4,Wilfred,Brenden.Hickle51@gmail.com,74-296433-517596-4,LS,customer
1d27acfe-a164-4c72-91de-c8510b69abb7,Lavina,Marcia_Gleichner@yahoo.com,38-304630-053668-7,CU,customer
7e849c39-96d1-4c63-b5d1-c612c1a00266,Howard,Osbaldo_Blick@gmail.com,07-526183-440424-4,AU,admin
bf732cc1-6c2c-4556-b7ac-9fa33dc9c5b4,Renee,Dangelo_Price58@hotmail.com,38-292174-954927-0,NR,customer
a99118ec-b732-4f59-a97d-183148a81cbe,Waino,Melody60@hotmail.com,23-936729-457979-8,BS,admin
89c77e7e-80ca-4273-b92f-1230519191dd,Hardy,Yesenia_Prohaska@gmail.com,44-718578-696582-2,AG,customer
3e0adf4a-15ce-47e1-863f-ff2aef397f1f,Florian,Cleveland.Deckow16@gmail.com,02-457974-769202-3,HK,customer
0a056c42-8588-4a12-8527-265870d6a87e,Wava,Jayme_Emmerich@gmail.com,20-114358-171168-1,SO,customer
d0f7e1bc-5fd1-4813-98cd-eaf616c98da4,Gust,Dorcas_Hagenes@hotmail.com,70-664662-951227-5,MU,customer
df90133e-2a0c-43ed-855c-4d83b7cb6337,Emiliano,Owen26@hotmail.com,13-928216-978246-1,NU,customer
5f0fd66a-e101-48d5-b3ae-96c10afe4e6e,Barney,Reba_OKon@yahoo.com,80-247187-231324-5,LI,admin
6e2805b8-424e-479b-8dd9-3d88bcf85ac2,Freida,Lou_Blanda@yahoo.com,38-377720-432025-3,AT,customer
f75e67ee-2b5d-4fb3-969e-76ae792783a2,Kennedi,Stephon_Cartwright73@hotmail.com,65-251523-736867-3,IM,admin
b8a75600-d3c6-4ac0-bfde-acd96eadf53e,Sasha,Emory_Hauck8@gmail.com,61-439586-194221-9,HM,admin
c00682a8-a24f-4e92-85f2-a35b7cfc0de2,Missouri,Jewel.Bins59@hotmail.com,02-577702-410198-6,SE,customer
808e8a32-c023-4ee3-96f3-3b8fccbd7ef0,Darwin,Verdie60@gmail.com,89-905235-944164-4,VC,customer
567af150-43fd-4ebe-8cf1-73169b45b818,Audrey,Sister.Wuckert@gmail.com,77-704836-543055-2,AM,admin
0bc232a6-b79e-40c2-a4e6-7857567dc51c,Alverta,Eduardo62@yahoo.com,82-340511-839258-4,SG,customer
cba8f24b-7751-4c29-bd7a-4034e9410807,Magdalen,Ross97@yahoo.com,05-912609-212653-4,AQ,customer
a1dc5b3d-47d9-4d54-a6e7-2591130d2873,Haskell,Darien21@hotmail.com,71-104562-794402-3,TN,admin
a3e28ee9-4bda-4654-ad2e-be97dddb1043,Elfrieda,Dell_Lockman-Gusikowski@gmail.com,28-906781-953584-1,CD,customer
774da248-b8ed-4db5-94b1-f26f191f0a64,Dannie,Issac_Howell@yahoo.com,24-472582-956367-3,AU,customer
af66a54e-e387-4ba8-bfce-a3fa3e044255,Michele,Emilie.Ernser3@yahoo.com,16-104616-588266-1,CK,customer
6b85066e-86f0-4706-8ec3-0e8c725e0ae0,Quentin,Ramon_Hilll18@yahoo.com,72-579100-373984-2,CH,admin
939695df-b045-4497-b1ab-56ca63a9db5f,Margarette,Jamarcus_Murphy@hotmail.com,48-897454-663299-0,VA,customer
b7142bfb-4be6-4fed-975e-4ca77df0deb8,Stan,Waylon19@gmail.com,90-583781-549768-1,MQ,customer
023a04af-5e43-4510-9a30-2485402bcdad,Jordon,Ada45@yahoo.com,40-625128-837604-8,GQ,admin
e8f113ff-7f2f-4a75-ac3b-703c6c58dbf4,Ashleigh,Darwin.Larson@hotmail.com,70-809805-906559-8,MD,admin
7029e5a2-ea98-465c-b6c4-8b9f87ba09b5,Amira,Marquis_Heathcote@yahoo.com,41-818751-630089-5,GT,admin
ce5e4f3f-6643-47b7-97ea-8ee09385976e,Hilda,Melyssa_Herman@yahoo.com,68-662290-132695-1,VU,admin
f81d5702-2940-4483-b7aa-eb8c7036d32e,Maida,Nestor_Buckridge-Price87@gmail.com,48-057189-514049-8,AW,customer
3175a72b-1da4-4886-b521-6065d116024c,Chloe,Everardo7@hotmail.com,32-770654-265280-3,AD,admin
57c1864b-2bbe-4c43-98cb-24fa07f27091,Joel,Maria64@gmail.com,23-678716-162140-2,BO,admin
acbb0024-9d06-43bd-89d7-7cf5f8e3c394,Angeline,Marie38@gmail.com,90-107894-828921-6,CA,customer
7aa6a497-23f2-4d39-9e13-f84485676f02,Lily,Liza2@yahoo.com,07-907130-856799-6,EC,customer
5e90da3e-2c4e-4254-81ea-60639f4341c2,Leopold,Jamey_Reilly95@hotmail.com,43-030224-895159-2,BG,customer
a6988fc0-db04-4160-bd39-6d3a0978cd5f,Laurie,Trace.Skiles@hotmail.com,58-702105-343077-0,NF,customer
9760478f-f1c6-4386-abae-cb84e4130ce3,Jack,Selina52@yahoo.com,32-889720-181163-9,UG,customer
7d94d94a-cd24-4ae9-b516-65b737ff8fec,Zackary,Reyes29@hotmail.com,55-017665-714646-2,AZ,customer
634b7f17-50a6-4c5c-a7d1-5307dc7382bf,Alexie,Coty42@yahoo.com,65-737216-413000-6,TT,admin
6ca110f2-514e-47b9-96ed-2e36e30ee653,Hugh,Reggie_Gutmann@yahoo.com,28-720479-271174-1,DM,customer
40531d2c-2911-4b1a-a21c-77cc4a427e4a,Zita,Jada90@hotmail.com,91-481778-108658-4,UY,customer
0c3151e8-49c0-4258-abd8-7bac76f21cdf,Marcelo,Kelly_Stracke87@hotmail.com,27-397240-498044-3,HR,admin
6a0fe0f4-57ac-4888-a285-79863f123ec0,Chet,Blaze_Kunze@yahoo.com,27-375805-870891-1,NO,admin
b7547f8d-f415-43f4-9a2a-2a49967176bb,Erick,Berenice.Bauch@gmail.com,09-440605-311717-8,DE,customer
b8b1f068-12c7-4a67-ba6f-7a7a282bdc5c,Malcolm,Austyn_Renner@hotmail.com,49-342616-838466-8,KN,admin
5736a5a0-fb4f-4cb0-a19f-94e25add1843,Carter,Christine.Douglas28@yahoo.com,02-198801-871555-8,KM,admin
7d0b5d7b-5abc-4825-9e5f-ecbe823549ed,Nikki,Bernita69@gmail.com,83-184783-355132-7,BG,customer
67dd312d-40a1-4364-92c3-619006bd80bd,Thalia,Augustus.Harris@gmail.com,25-332099-235385-0,BZ,admin
61d9f3a9-6d01-417d-9a52-28440e0fdc39,Tre,Morgan57@gmail.com,48-676178-264777-0,TM,admin
043ed948-ba03-4149-ba86-22b6e7fbef4e,Ashton,Mona.Pouros52@hotmail.com,12-382677-384846-0,AI,admin
ca2f931c-ffaf-46e9-8e03-b0dcda2c10ab,Bennett,Rosalinda86@gmail.com,92-452303-057123-0,HN,customer
980e4f86-6024-4692-8881-b16b84272ed2,Korbin,Shaun88@gmail.com,40-544200-821899-7,GA,admin
868e61d2-0eca-4aec-aec5-efc02c6d5399,Elroy,Colten.Keebler61@gmail.com,56-474762-738261-1,AU,admin
774a4861-9948-4403-8e4c-2c762cb4af71,Darrell,Kristy21@yahoo.com,12-951349-806958-0,NP,admin
ba1243f5-58d2-46a6-852c-5951eb4a4061,Hayden,Verlie78@gmail.com,05-067179-775775-1,NG,customer
c6f0e654-6cf3-47bc-9b29-3c349e22339b,Maryjane,Bernhard99@gmail.com,20-642944-620250-2,PG,customer
cd580bf7-8b6c-45a4-ba1a-768cbc84fb9b,Jed,Nat31@hotmail.com,55-537355-512318-1,HN,customer
e3400cfb-4aeb-467d-a47d-0b5a4796fe9b,Sandy,Mary_Baumbach@yahoo.com,97-780301-882914-9,ZW,admin
79c28adf-fc75-4fdb-ad97-324c0f569e12,Vesta,Sigmund95@hotmail.com,84-976824-717643-8,VI,admin
907f0a53-70db-4bff-8b4d-cd43fd2ad875,Kadin,Alexie12@yahoo.com,48-004814-071411-2,CO,customer
d224f056-b853-4312-a3e2-92089a0f248d,Zoie,Cameron.Christiansen21@hotmail.com,61-597851-565019-4,TZ,admin
a6096d36-96e8-4837-a535-b211302e58e9,Craig,Olin39@yahoo.com,91-328565-515604-3,SO,admin
ff0b4371-f5bc-49d4-a65e-9d10abb0ddca,Damian,Stefanie42@hotmail.com,18-733560-064076-2,AF,admin
b27b2472-a824-471d-bc81-68ed826eed8b,Elwyn,Cory_Metz41@yahoo.com,21-351313-496236-9,SO,admin
d69abb85-3c00-451c-a00b-49e2b80b7025,Quentin,Gussie29@yahoo.com,26-045895-450771-6,BR,customer
09df22d9-c940-4e05-8e1c-bd578c4afd3b,Kendrick,Martin.Nikolaus@gmail.com,09-727745-244885-3,IM,customer
a2794d1f-6d17-4505-b4e2-8f1a4f006811,Javonte,Elvie_OConnell@hotmail.com,47-458081-257305-1,LK,customer
9f71e909-fe49-4a0a-9a52-77915d11f3d1,Krista,Amari_Heller@yahoo.com,91-816165-062746-7,AX,admin
a41d5f7e-ed86-4df9-9cd4-82a0c725642b,Shakira,Arlie72@gmail.com,56-425035-750728-3,RO,customer
0a7d3f90-e3f3-48c5-9e86-66c0e5a45ed6,Raven,Sandra_Watsica74@yahoo.com,29-431250-491164-9,BM,customer
b38f8c9b-4a5f-4a3e-bae9-7bbe581a3dd1,Glenda,Lina_Powlowski86@yahoo.com,06-999857-215035-0,CR,admin
e514f5a5-9aa2-4079-a954-de08f74f62f4,Hillard,Emil_Herman54@yahoo.com,74-176564-994441-2,TJ,customer
863df452-6c5a-499e-ba10-95633797d021,Blanche,Kadin_Nitzsche@hotmail.com,07-783496-257307-7,UY,customer
6ad71e24-2291-4269-87c3-5519ce08d465,Omari,Jensen36@hotmail.com,28-741330-849035-7,YE,admin
1cbf4109-c8e5-4f6b-a668-ae46f8beeea8,Aiyana,Nyasia14@gmail.com,69-307727-974340-5,CX,customer
f88a34d2-855c-45c2-b7a9-13287b763ec6,Elenor,Maximillian30@yahoo.com,78-842848-998665-4,LC,admin
78228976-612d-47a8-ac5e-6296d9b3f291,Herman,Gregg44@yahoo.com,24-904774-858399-6,PM,customer
8919ef0d-ee7d-4cd1-92be-ed0ddc6adf67,Calista,Isaias.Ledner49@gmail.com,70-202272-579789-3,MP,customer
2cc97d3d-2cd6-4747-a380-3b8a3d11a80d,Maynard,Jairo_Weimann-Kautzer93@hotmail.com,51-737798-000039-0,TK,customer
f91cb166-dfd0-4a29-a223-b63d4881d104,Adolphus,Darryl_Toy85@gmail.com,78-070536-680016-7,RS,customer
51cc7865-9165-4989-9f30-ca5c626cc6b4,Jayson,Anderson.Schaden94@gmail.com,70-011597-666685-8,NL,admin
d74a360e-9067-45d9-9ae9-bd2a50cb0bae,Jerod,Virgie_Pfeffer94@gmail.com,56-291963-954230-8,NO,admin
3f5f9549-d709-4a91-891a-8d4e43230fed,Reta,Dwight40@gmail.com,68-037316-186003-4,JE,customer
9fab6680-f957-4e23-ae56-a109d2ffa38c,Johnson,Sheridan_Kihn82@hotmail.com,01-403537-356098-6,SM,customer
334586f3-f668-4ef0-b07a-8954fba33ab2,Claudie,Dominic74@gmail.com,32-056166-634697-2,DM,customer
a40e5552-9293-4a20-a6bc-f4d4d357ef4c,Bart,Hildegard.Schuster16@gmail.com,71-843716-584156-7,SL,customer
010a70f4-7a63-451f-a716-d5e5e96cfe27,Toni,Mason23@hotmail.com,96-545675-700790-8,KZ,customer
1c5ad60f-54cb-4c24-bbc2-58a2121d2736,Ben,Ruben_Braun@yahoo.com,42-275499-397314-0,AZ,admin
a3e76efa-ffed-49d5-9289-0aa18b04ed34,Lorenzo,Johnson_Tromp-Kuhn@hotmail.com,56-773183-657422-3,CY,customer
fcfdba07-5c9e-4dff-ae99-86377d32e693,Ayden,Crystel.Ondricka@yahoo.com,05-748582-345399-3,ES,admin
919edc8d-a7f4-495f-b2e9-35b469eb258e,Era,Eleanora52@hotmail.com,38-805242-894203-4,ST,admin
2b749152-33de-4e85-811c-532758a7ec31,Ernestina,Malinda_Senger52@gmail.com,15-089188-132465-1,IM,admin
3d6658c5-48e0-4ca8-9362-53fe409e7770,Wilfredo,Camryn_Schaefer30@yahoo.com,48-127482-580955-0,EH,admin
76695992-5abd-4ee9-9f09-bebacf35e2e3,Gus,Asha.Spencer90@hotmail.com,03-351756-344035-7,GY,customer
a05fbe02-937b-4b2a-b360-aa790f043c7e,Kattie,Sibyl.Huel-Ritchie@hotmail.com,78-841285-859739-1,GD,customer
7c142327-6771-4d4b-8ac8-17fa259c5e7a,Jackie,Shayne.Abernathy91@hotmail.com,19-912195-651498-3,CC,admin
c94f2c4d-c8c4-42c5-8221-4ce749d63c47,Sandrine,Deron.Gibson74@gmail.com,28-391857-357831-8,FJ,admin
5254612c-b33b-4057-a604-219c7785fb42,Marlene,Ryann.Ernser38@gmail.com,25-952651-590439-1,KR,customer
e30ef4a6-6383-4d9e-8cee-0ff412e25761,Watson,Aileen.Runolfsdottir34@hotmail.com,65-850444-570870-0,GA,admin
35b732e7-2c97-4e87-ac69-6b5422befd7d,Tracey,Vincenzo_Jones4@gmail.com,46-437974-276763-2,JE,admin
7bf45f38-1d5f-465c-9e2a-f9cbf25dacc7,Lisandro,Icie.Gusikowski10@yahoo.com,40-693699-809604-9,GG,customer
af7d0331-bd5c-4b3c-a6f1-74a1c5c55767,Kelsi,Shania.Bruen2@yahoo.com,31-709101-354530-3,LC,admin
fc84d744-8f39-467d-a929-4bf77bc552bb,Remington,Makenzie_Douglas@gmail.com,99-416807-576912-8,AX,admin
b2b5a706-5bc9-4189-b7ea-0fdc49cdfb7e,Keyon,Jasper71@yahoo.com,39-217793-423535-1,GA,admin
48b1240c-1068-45ff-bb29-82316cdd351f,Gerhard,Trevion_Altenwerth50@yahoo.com,88-927766-763595-7,MF,admin
4f7a4ffc-a792-44ec-9399-85c738344ce6,Billy,Viviane_Zemlak@yahoo.com,73-136121-697601-1,AF,admin
d7056345-640b-43c4-9ddb-b6c5e5655fd1,Charlene,Brock44@yahoo.com,02-268386-474877-4,VN,admin
f345bf7f-7cc1-4516-a035-0bd6f77b0012,River,Emmie_Ziemann@gmail.com,67-259527-457496-7,SI,customer
987a8e39-6c11-400a-8345-d95cd5805dc9,Alayna,Arvilla68@gmail.com,52-810204-565868-6,UY,customer
2be1c384-eeab-44bf-804b-f028c15748d1,Catharine,Alexis58@yahoo.com,03-065744-641977-3,IS,customer
5adefeeb-39a3-4389-86e7-fcec4ca9223b,Heidi,Marta.Kilback87@gmail.com,49-781574-981098-3,ZW,customer
4d762fd4-80fc-4ba3-921e-6c273841aab1,Santos,Rudy.Von16@hotmail.com,34-540145-867997-8,AW,admin
9061bc22-24d2-4c1b-9977-a28a02c71ed0,Nash,Zane3@yahoo.com,64-340875-124345-0,GA,customer
056d5f74-072d-4b42-8bd4-3f88e3cabb06,Margarett,Khalil_Thompson30@hotmail.com,75-929273-729491-4,ZW,customer
074f52ca-63ca-49c0-83ba-c63d8ea2d37b,Irma,Ofelia9@hotmail.com,25-530336-104013-2,LI,customer
36779055-93d1-4589-8e6c-69f22f53a52d,Javon,America.Carroll@yahoo.com,52-693969-437246-1,JO,admin
2114785c-4575-40fa-ba20-46ba90b3fc0d,Genoveva,Ida61@gmail.com,43-692548-419354-7,AL,customer
cd6202f6-5ee2-4838-b588-58c5b8829db0,Jan,Brice_Sanford72@hotmail.com,19-611390-206016-4,GQ,customer
f515d902-a4c0-4ae6-a84e-7c7fcfb13c55,Tyshawn,Eduardo_Jenkins@gmail.com,29-823991-457720-5,BO,customer
05a6e2c1-8e28-418b-90a8-9d2e6fa7f86f,Kira,Barry1@hotmail.com,53-617670-101399-8,TH,customer
a1ee4312-2ee0-4c9c-baff-bf0784c335a3,Flo,Anastasia86@yahoo.com,20-169288-510177-5,VA,customer
78648106-5e2a-4f18-95f0-89885f063044,Jordon,Effie44@yahoo.com,96-948109-405699-2,SG,customer
9e91dfa4-57b0-4d3a-8445-b0d6a7f62e44,Roxanne,Aliyah.Herman65@gmail.com,17-182697-663069-0,LT,customer
3d69cc3a-920e-474f-ba95-e8948359d1f5,Madison,Jordan.Bergnaum18@gmail.com,68-559894-387682-6,VA,admin
9ea67a4f-5337-42c2-bec8-e1f7ebbdeb89,Caden,Mohammad_Strosin-Franecki34@gmail.com,65-425926-922141-3,QA,admin
1a22ac49-85f5-4629-807b-23a12319f9ef,Christian,Leonora.Beahan59@hotmail.com,65-139233-259803-9,EH,customer
b969e91f-83e1-4987-a1ef-2df37c4c8ff1,Fanny,Mitchell5@gmail.com,24-210181-198144-2,GD,admin
7f77a016-0422-4194-a716-d96f7a00c2f4,Florence,Raven_Schaden39@yahoo.com,63-468571-220193-0,LU,customer
a37e81ce-5e41-4f9e-ade4-f78bde2dcea9,Twila,Wade_Schinner60@hotmail.com,24-566856-898825-6,GD,customer
c0f12f05-7670-484c-b805-33407d78e552,Moriah,Orville.Barton50@hotmail.com,92-990272-860964-0,HR,admin
0350cb68-8b9e-40ec-a88a-bb74a2e17671,Christ,Betty_Fritsch59@hotmail.com,62-161332-437852-9,CV,admin
dc83d8ec-0f1a-4027-af30-f1ab33be841b,Josiane,Sammy_Daugherty-Cruickshank2@gmail.com,16-669501-424571-3,DE,admin
75662bce-443a-4081-92d3-177c2e7d2f17,Horacio,Adell19@yahoo.com,66-746215-035443-5,TN,customer
28942ee6-8adf-4df8-ace8-8444dba02a0a,Korey,Georgette.Rowe@hotmail.com,72-336938-204743-4,AT,customer
954ad03f-cb01-4115-844a-caa75d6746ff,Shawn,Julian_Turcotte@gmail.com,49-852712-747175-4,NA,customer
ffb6b85e-e03e-4d05-843b-85da51673e40,Torrey,Kevin.Mraz97@yahoo.com,36-150378-848529-6,VE,admin
68fbb433-6d91-4b48-9531-26cd9e0666e2,Norma,Napoleon22@hotmail.com,33-201295-923660-9,BR,customer
a805250d-3651-4711-93ac-8d476fa289d0,Werner,Boyd65@hotmail.com,89-433433-647495-4,VN,admin
63b3b50e-8d94-4db3-928b-70dd8cd30059,Donnell,Dudley.Casper-Hagenes42@gmail.com,27-770164-765992-8,DJ,customer
1344574a-a630-4c3e-aab7-276471012261,Efrain,Quinton39@hotmail.com,81-439935-641111-8,SV,customer
ca1c8bc3-bd10-4cee-9803-e4c4185a378b,Alva,Elenora_Ankunding69@gmail.com,90-113719-605767-3,IO,admin
f2ececa0-d0ea-4353-a929-23f41e4e5c59,Kendra,Jovan_Boyle@yahoo.com,73-171477-232777-3,ZW,admin
a46f7117-3381-4a5f-9b6c-75142e8b4e56,Antone,Isaias_Weissnat54@hotmail.com,04-295813-787935-8,RW,admin
201174dc-85ff-40ec-b084-7ead17f13dd0,Orion,Estevan.Gutkowski@yahoo.com,25-478366-342268-5,TM,admin
d7180caf-a3e6-40a6-a7f0-fd88821db0e1,Osvaldo,Gracie.Baumbach14@gmail.com,60-322636-370500-7,GH,admin
8999e9e8-99ad-4fc5-bc57-8ffda2b7eaa8,Bradly,Paul.Muller-Stiedemann20@yahoo.com,32-495519-723649-4,MH,admin
ca4d87bb-13cc-4bcf-b95d-70056f670084,Jarvis,Kaela31@gmail.com,77-543535-892096-6,CN,customer
58ccfc86-554b-4324-8e56-d896df1ee954,Willis,Sydnie13@gmail.com,51-345633-486388-7,CN,admin
41878dce-a01e-489c-849c-96ba314f1e47,Lela,Nikki17@hotmail.com,16-866015-252661-1,CN,admin
d0e47652-aecd-402b-b8fe-24a3420b4bb6,Trudie,Garrison.Thiel44@yahoo.com,74-086551-380341-2,CN,admin
4ed2c984-afd8-4aca-84b5-4891a961fcd0,Nels,Ellsworth.Roberts60@hotmail.com,89-285088-605027-6,CN,customer
fdd2af25-8c41-41df-9c56-912943f97d43,Addison,Enid.Larson@gmail.com,31-267172-571454-8,CN,customer
15810fd4-ba91-47de-88dc-589d37f7c570,Mohamed,Evalyn.Lubowitz43@yahoo.com,65-174656-188520-3,CN,customer
cc39121f-2086-493a-986e-7cc92a78063d,Antwon,Marty_Kiehn6@yahoo.com,27-457113-277891-0,CN,admin
159279f3-8ced-41d3-b6ff-cb5518e5640d,Dahlia,Sherwood.Carter51@gmail.com,64-473407-651689-3,CN,customer
adb384c3-1d06-4fbe-8dbb-a18ced32f61a,Barry,Loyal1@yahoo.com,97-449719-622822-5,CN,customer
09006a2a-71a8-49fc-b26a-9ffbf7248312,Lisa,Axel_Spinka@hotmail.com,58-370951-885142-4,CN,admin
99acc4de-610d-4623-9285-c68919a3032d,Marilou,Darlene_OHara@yahoo.com,43-663324-364910-2,CN,admin
664c8f35-5e55-4d4f-9ccd-2eec9f8a5b2f,Maximo,Franco30@yahoo.com,92-837068-330515-1,CN,admin
23118c21-d7a6-4279-93c5-8966f69d9b42,Rashad,Tracy34@gmail.com,20-342415-212827-5,CN,customer
122345ea-b9db-44d7-804f-3f7820fa871f,Sterling,Jeanie_Ankunding6@yahoo.com,46-162251-684091-8,CN,admin
9d95a122-e18d-4de8-9b11-f15ac72b0500,Cameron,Dalton_Dibbert@gmail.com,70-363704-943948-1,CN,admin
e8b42a28-9afc-4dcb-b69a-5dfaf290bbab,Mia,Bonita76@gmail.com,80-063914-808620-7,CN,admin
a17dbe92-ffe9-4f3e-968d-0b889399a27f,Clinton,Murl20@yahoo.com,53-958712-144801-9,CN,customer
ac2166ab-28eb-44b4-b6a2-11dd26cebc02,Kirsten,Laurence25@hotmail.com,80-575326-697263-8,CN,admin
2f736e21-958f-4edb-80f4-dad5665a9c0e,Michaela,Vallie_Kuhn67@hotmail.com,15-062446-654159-1,CN,admin
18e9c68d-0c5b-4ee9-b22b-1c609882e8f7,Timmothy,Baylee86@hotmail.com,31-387047-410244-7,CN,admin
8875ac4c-bcda-4581-bd98-e0ac555b2f8a,Maryjane,Christelle_Welch@hotmail.com,91-624309-713081-8,CN,customer
66822097-a54d-4a84-bd8a-6967fe5fae5c,Rogers,Macey.Klein@yahoo.com,57-743965-181880-2,CN,admin
a930f007-1ef9-47cf-91e3-09564408f4a1,Lora,Edna.Wuckert@hotmail.com,74-021664-869508-5,CN,admin